Date,HomeTeam,AwayTeam,FTHG,FTAG,HTHG,HTAG
13/08/2016,Burnley,Swansea,0,1,0,0
13/08/2016,Crystal Palace,West Brom,0,1,0,0
13/08/2016,Everton,Tottenham,1,1,1,0
13/08/2016,Hull,Leicester,2,1,1,0
13/08/2016,Man City,Sunderland,2,1,1,0
13/08/2016,Middlesbrough,Stoke,1,1,1,0
13/08/2016,Southampton,Watford,1,1,0,1
14/08/2016,Arsenal,Liverpool,3,4,1,1
14/08/2016,Bournemouth,Man United,1,3,0,1
15/08/2016,Chelsea,West Ham,2,1,0,0
19/08/2016,Man United,Southampton,2,0,1,0
20/08/2016,Burnley,Liverpool,2,0,2,0
20/08/2016,Leicester,Arsenal,0,0,0,0
20/08/2016,Stoke,Man City,1,4,0,2
20/08/2016,Swansea,Hull,0,2,0,0
20/08/2016,Tottenham,Crystal Palace,1,0,0,0
20/08/2016,Watford,Chelsea,1,2,0,0
20/08/2016,West Brom,Everton,1,2,1,1
21/08/2016,Sunderland,Middlesbrough,1,2,0,2
21/08/2016,West Ham,Bournemouth,1,0,0,0
27/08/2016,Chelsea,Burnley,3,0,2,0
27/08/2016,Crystal Palace,Bournemouth,1,1,0,1
27/08/2016,Everton,Stoke,1,0,0,0
27/08/2016,Hull,Man United,0,1,0,0
27/08/2016,Leicester,Swansea,2,1,1,0
27/08/2016,Southampton,Sunderland,1,1,0,0
27/08/2016,Tottenham,Liverpool,1,1,0,1
27/08/2016,Watford,Arsenal,1,3,0,3
28/08/2016,Man City,West Ham,3,1,2,0
28/08/2016,West Brom,Middlesbrough,0,0,0,0
10/09/2016,Arsenal,Southampton,2,1,1,1
10/09/2016,Bournemouth,West Brom,1,0,0,0
10/09/2016,Burnley,Hull,1,1,0,0
10/09/2016,Liverpool,Leicester,4,1,2,1
10/09/2016,Man United,Man City,1,2,1,2
10/09/2016,Middlesbrough,Crystal Palace,1,2,1,1
10/09/2016,Stoke,Tottenham,0,4,0,1
10/09/2016,West Ham,Watford,2,4,2,2
11/09/2016,Swansea,Chelsea,2,2,0,1
12/09/2016,Sunderland,Everton,0,3,0,0
16/09/2016,Chelsea,Liverpool,1,2,0,2
17/09/2016,Everton,Middlesbrough,3,1,3,1
17/09/2016,Hull,Arsenal,1,4,0,1
17/09/2016,Leicester,Burnley,3,0,1,0
17/09/2016,Man City,Bournemouth,4,0,2,0
17/09/2016,West Brom,West Ham,4,2,3,0
18/09/2016,Crystal Palace,Stoke,4,1,2,0
18/09/2016,Southampton,Swansea,1,0,0,0
18/09/2016,Tottenham,Sunderland,1,0,0,0
18/09/2016,Watford,Man United,3,1,1,0
24/09/2016,Arsenal,Chelsea,3,0,3,0
24/09/2016,Bournemouth,Everton,1,0,1,0
24/09/2016,Liverpool,Hull,5,1,3,0
24/09/2016,Man United,Leicester,4,1,4,0
24/09/2016,Middlesbrough,Tottenham,1,2,0,2
24/09/2016,Stoke,West Brom,1,1,0,0
24/09/2016,Sunderland,Crystal Palace,2,3,1,0
24/09/2016,Swansea,Man City,1,3,1,1
25/09/2016,West Ham,Southampton,0,3,0,1
26/09/2016,Burnley,Watford,2,0,1,0
30/09/2016,Everton,Crystal Palace,1,1,1,0
01/10/2016,Hull,Chelsea,0,2,0,0
01/10/2016,Sunderland,West Brom,1,1,0,1
01/10/2016,Swansea,Liverpool,1,2,1,0
01/10/2016,Watford,Bournemouth,2,2,0,1
01/10/2016,West Ham,Middlesbrough,1,1,0,0
02/10/2016,Burnley,Arsenal,0,1,0,0
02/10/2016,Leicester,Southampton,0,0,0,0
02/10/2016,Man United,Stoke,1,1,0,0
02/10/2016,Tottenham,Man City,2,0,2,0
15/10/2016,Arsenal,Swansea,3,2,2,1
15/10/2016,Bournemouth,Hull,6,1,3,1
15/10/2016,Chelsea,Leicester,3,0,2,0
15/10/2016,Crystal Palace,West Ham,0,1,0,1
15/10/2016,Man City,Everton,1,1,0,0
15/10/2016,Stoke,Sunderland,2,0,2,0
15/10/2016,West Brom,Tottenham,1,1,0,0
16/10/2016,Middlesbrough,Watford,0,1,0,0
16/10/2016,Southampton,Burnley,3,1,0,0
17/10/2016,Liverpool,Man United,0,0,0,0
22/10/2016,Arsenal,Middlesbrough,0,0,0,0
22/10/2016,Bournemouth,Tottenham,0,0,0,0
22/10/2016,Burnley,Everton,2,1,1,0
22/10/2016,Hull,Stoke,0,2,0,1
22/10/2016,Leicester,Crystal Palace,3,1,1,0
22/10/2016,Liverpool,West Brom,2,1,2,0
22/10/2016,Swansea,Watford,0,0,0,0
22/10/2016,West Ham,Sunderland,1,0,0,0
23/10/2016,Chelsea,Man United,4,0,2,0
23/10/2016,Man City,Southampton,1,1,0,1
29/10/2016,Crystal Palace,Liverpool,2,4,2,3
29/10/2016,Man United,Burnley,0,0,0,0
29/10/2016,Middlesbrough,Bournemouth,2,0,1,0
29/10/2016,Sunderland,Arsenal,1,4,0,1
29/10/2016,Tottenham,Leicester,1,1,1,0
29/10/2016,Watford,Hull,1,0,0,0
29/10/2016,West Brom,Man City,0,4,0,2
30/10/2016,Everton,West Ham,2,0,0,0
30/10/2016,Southampton,Chelsea,0,2,0,1
31/10/2016,Stoke,Swansea,3,1,1,1
05/11/2016,Bournemouth,Sunderland,1,2,1,1
05/11/2016,Burnley,Crystal Palace,3,2,2,0
05/11/2016,Chelsea,Everton,5,0,3,0
05/11/2016,Man City,Middlesbrough,1,1,1,0
05/11/2016,West Ham,Stoke,1,1,0,0
06/11/2016,Arsenal,Tottenham,1,1,1,0
06/11/2016,Hull,Southampton,2,1,0,1
06/11/2016,Leicester,West Brom,1,2,0,0
06/11/2016,Liverpool,Watford,6,1,3,0
06/11/2016,Swansea,Man United,1,3,0,3
19/11/2016,Crystal Palace,Man City,1,2,0,1
19/11/2016,Everton,Swansea,1,1,0,1
19/11/2016,Man United,Arsenal,1,1,0,0
19/11/2016,Southampton,Liverpool,0,0,0,0
19/11/2016,Stoke,Bournemouth,0,1,0,1
19/11/2016,Sunderland,Hull,3,0,1,0
19/11/2016,Tottenham,West Ham,3,2,0,1
19/11/2016,Watford,Leicester,2,1,2,1
20/11/2016,Middlesbrough,Chelsea,0,1,0,1
21/11/2016,West Brom,Burnley,4,0,3,0
26/11/2016,Burnley,Man City,1,2,1,1
26/11/2016,Chelsea,Tottenham,2,1,1,1
26/11/2016,Hull,West Brom,1,1,0,1
26/11/2016,Leicester,Middlesbrough,2,2,1,1
26/11/2016,Liverpool,Sunderland,2,0,0,0
26/11/2016,Swansea,Crystal Palace,5,4,1,1
27/11/2016,Arsenal,Bournemouth,3,1,1,1
27/11/2016,Man United,West Ham,1,1,1,1
27/11/2016,Southampton,Everton,1,0,1,0
27/11/2016,Watford,Stoke,0,1,0,1
03/12/2016,Crystal Palace,Southampton,3,0,2,0
03/12/2016,Man City,Chelsea,1,3,1,0
03/12/2016,Stoke,Burnley,2,0,2,0
03/12/2016,Sunderland,Leicester,2,1,0,0
03/12/2016,Tottenham,Swansea,5,0,2,0
03/12/2016,West Brom,Watford,3,1,2,0
03/12/2016,West Ham,Arsenal,1,5,0,1
04/12/2016,Bournemouth,Liverpool,4,3,0,2
04/12/2016,Everton,Man United,1,1,0,1
05/12/2016,Middlesbrough,Hull,1,0,0,0
10/12/2016,Arsenal,Stoke,3,1,1,1
10/12/2016,Burnley,Bournemouth,3,2,2,1
10/12/2016,Hull,Crystal Palace,3,3,1,0
10/12/2016,Leicester,Man City,4,2,3,0
10/12/2016,Swansea,Sunderland,3,0,0,0
10/12/2016,Watford,Everton,3,2,1,1
11/12/2016,Chelsea,West Brom,1,0,0,0
11/12/2016,Liverpool,West Ham,2,2,1,2
11/12/2016,Man United,Tottenham,1,0,1,0
11/12/2016,Southampton,Middlesbrough,1,0,0,0
13/12/2016,Bournemouth,Leicester,1,0,1,0
13/12/2016,Everton,Arsenal,2,1,1,1
14/12/2016,Crystal Palace,Man United,1,2,0,1
14/12/2016,Man City,Watford,2,0,1,0
14/12/2016,Middlesbrough,Liverpool,0,3,0,1
14/12/2016,Stoke,Southampton,0,0,0,0
14/12/2016,Sunderland,Chelsea,0,1,0,1
14/12/2016,Tottenham,Hull,3,0,1,0
14/12/2016,West Brom,Swansea,3,1,0,0
14/12/2016,West Ham,Burnley,1,0,1,0
17/12/2016,Crystal Palace,Chelsea,0,1,0,1
17/12/2016,Middlesbrough,Swansea,3,0,2,0
17/12/2016,Stoke,Leicester,2,2,2,0
17/12/2016,Sunderland,Watford,1,0,0,0
17/12/2016,West Brom,Man United,0,2,0,1
17/12/2016,West Ham,Hull,1,0,0,0
18/12/2016,Bournemouth,Southampton,1,3,1,1
18/12/2016,Man City,Arsenal,2,1,0,1
18/12/2016,Tottenham,Burnley,2,1,1,1
19/12/2016,Everton,Liverpool,0,1,0,0
26/12/2016,Arsenal,West Brom,1,0,0,0
26/12/2016,Burnley,Middlesbrough,1,0,0,0
26/12/2016,Chelsea,Bournemouth,3,0,1,0
26/12/2016,Hull,Man City,0,3,0,0
26/12/2016,Leicester,Everton,0,2,0,0
26/12/2016,Man United,Sunderland,3,1,1,0
26/12/2016,Swansea,West Ham,1,4,0,1
26/12/2016,Watford,Crystal Palace,1,1,0,1
27/12/2016,Liverpool,Stoke,4,1,2,1
28/12/2016,Southampton,Tottenham,1,4,1,1
30/12/2016,Hull,Everton,2,2,1,1
31/12/2016,Burnley,Sunderland,4,1,1,0
31/12/2016,Chelsea,Stoke,4,2,1,0
31/12/2016,Leicester,West Ham,1,0,1,0
31/12/2016,Liverpool,Man City,1,0,1,0
31/12/2016,Man United,Middlesbrough,2,1,0,0
31/12/2016,Southampton,West Brom,1,2,1,1
31/12/2016,Swansea,Bournemouth,0,3,0,2
01/01/2017,Arsenal,Crystal Palace,2,0,1,0
01/01/2017,Watford,Tottenham,1,4,0,3
02/01/2017,Everton,Southampton,3,0,0,0
02/01/2017,Man City,Burnley,2,1,0,0
02/01/2017,Middlesbrough,Leicester,0,0,0,0
02/01/2017,Sunderland,Liverpool,2,2,1,1
02/01/2017,West Brom,Hull,3,1,0,1
02/01/2017,West Ham,Man United,0,2,0,0
03/01/2017,Bournemouth,Arsenal,3,3,2,0
03/01/2017,Crystal Palace,Swansea,1,2,0,1
03/01/2017,Stoke,Watford,2,0,1,0
04/01/2017,Tottenham,Chelsea,2,0,1,0
14/01/2017,Burnley,Southampton,1,0,0,0
14/01/2017,Hull,Bournemouth,3,1,1,1
14/01/2017,Leicester,Chelsea,0,3,0,1
14/01/2017,Sunderland,Stoke,1,3,1,3
14/01/2017,Swansea,Arsenal,0,4,0,1
14/01/2017,Tottenham,West Brom,4,0,2,0
14/01/2017,Watford,Middlesbrough,0,0,0,0
14/01/2017,West Ham,Crystal Palace,3,0,0,0
15/01/2017,Everton,Man City,4,0,1,0
15/01/2017,Man United,Liverpool,1,1,0,1
21/01/2017,Bournemouth,Watford,2,2,0,1
21/01/2017,Crystal Palace,Everton,0,1,0,0
21/01/2017,Liverpool,Swansea,2,3,0,0
21/01/2017,Man City,Tottenham,2,2,0,0
21/01/2017,Middlesbrough,West Ham,1,3,1,2
21/01/2017,Stoke,Man United,1,1,1,0
21/01/2017,West Brom,Sunderland,2,0,2,0
22/01/2017,Arsenal,Burnley,2,1,0,0
22/01/2017,Chelsea,Hull,2,0,1,0
22/01/2017,Southampton,Leicester,3,0,2,0
31/01/2017,Arsenal,Watford,1,2,0,2
31/01/2017,Bournemouth,Crystal Palace,0,2,0,0
31/01/2017,Burnley,Leicester,1,0,0,0
31/01/2017,Liverpool,Chelsea,1,1,0,1
31/01/2017,Middlesbrough,West Brom,1,1,1,1
31/01/2017,Sunderland,Tottenham,0,0,0,0
31/01/2017,Swansea,Southampton,2,1,1,0
01/02/2017,Man United,Hull,0,0,0,0
01/02/2017,Stoke,Everton,1,1,1,1
01/02/2017,West Ham,Man City,0,4,0,3
04/02/2017,Chelsea,Arsenal,3,1,1,0
04/02/2017,Crystal Palace,Sunderland,0,4,0,4
04/02/2017,Everton,Bournemouth,6,3,3,0
04/02/2017,Hull,Liverpool,2,0,1,0
04/02/2017,Southampton,West Ham,1,3,1,2
04/02/2017,Tottenham,Middlesbrough,1,0,0,0
04/02/2017,Watford,Burnley,2,1,2,0
04/02/2017,West Brom,Stoke,1,0,1,0
05/02/2017,Leicester,Man United,0,3,0,2
05/02/2017,Man City,Swansea,2,1,1,0
11/02/2017,Arsenal,Hull,2,0,1,0
11/02/2017,Liverpool,Tottenham,2,0,2,0
11/02/2017,Man United,Watford,2,0,1,0
11/02/2017,Middlesbrough,Everton,0,0,0,0
11/02/2017,Stoke,Crystal Palace,1,0,0,0
11/02/2017,Sunderland,Southampton,0,4,0,2
11/02/2017,West Ham,West Brom,2,2,0,1
12/02/2017,Burnley,Chelsea,1,1,1,1
12/02/2017,Swansea,Leicester,2,0,2,0
13/02/2017,Bournemouth,Man City,0,2,0,1
25/02/2017,Chelsea,Swansea,3,1,1,1
25/02/2017,Crystal Palace,Middlesbrough,1,0,1,0
25/02/2017,Everton,Sunderland,2,0,1,0
25/02/2017,Hull,Burnley,1,1,0,0
25/02/2017,Watford,West Ham,1,1,1,0
25/02/2017,West Brom,Bournemouth,2,1,2,1
26/02/2017,Tottenham,Stoke,4,0,4,0
27/02/2017,Leicester,Liverpool,3,1,2,0
04/03/2017,Leicester,Hull,3,1,1,1
04/03/2017,Liverpool,Arsenal,3,1,2,0
04/03/2017,Man United,Bournemouth,1,1,1,1
04/03/2017,Stoke,Middlesbrough,2,0,2,0
04/03/2017,Swansea,Burnley,3,2,1,1
04/03/2017,Watford,Southampton,3,4,1,2
04/03/2017,West Brom,Crystal Palace,0,2,0,0
05/03/2017,Sunderland,Man City,0,2,0,1
05/03/2017,Tottenham,Everton,3,2,1,0
06/03/2017,West Ham,Chelsea,1,2,0,1
08/03/2017,Man City,Stoke,0,0,0,0
11/03/2017,Bournemouth,West Ham,3,2,1,1
11/03/2017,Everton,West Brom,3,0,2,0
11/03/2017,Hull,Swansea,2,1,0,0
12/03/2017,Liverpool,Burnley,2,1,1,1
18/03/2017,Bournemouth,Swansea,2,0,1,0
18/03/2017,Crystal Palace,Watford,1,0,0,0
18/03/2017,Everton,Hull,4,0,1,0
18/03/2017,Stoke,Chelsea,1,2,1,1
18/03/2017,Sunderland,Burnley,0,0,0,0
18/03/2017,West Brom,Arsenal,3,1,1,1
18/03/2017,West Ham,Leicester,2,3,1,3
19/03/2017,Man City,Liverpool,1,1,0,0
19/03/2017,Middlesbrough,Man United,1,3,0,1
19/03/2017,Tottenham,Southampton,2,1,2,0
01/04/2017,Burnley,Tottenham,0,2,0,0
01/04/2017,Chelsea,Crystal Palace,1,2,1,2
01/04/2017,Hull,West Ham,2,1,0,1
01/04/2017,Leicester,Stoke,2,0,1,0
01/04/2017,Liverpool,Everton,3,1,2,1
01/04/2017,Man United,West Brom,0,0,0,0
01/04/2017,Southampton,Bournemouth,0,0,0,0
01/04/2017,Watford,Sunderland,1,0,0,0
02/04/2017,Arsenal,Man City,2,2,1,2
02/04/2017,Swansea,Middlesbrough,0,0,0,0
04/04/2017,Burnley,Stoke,1,0,0,0
04/04/2017,Leicester,Sunderland,2,0,0,0
04/04/2017,Man United,Everton,1,1,0,1
04/04/2017,Watford,West Brom,2,0,1,0
05/04/2017,Arsenal,West Ham,3,0,0,0
05/04/2017,Chelsea,Man City,2,1,2,1
05/04/2017,Hull,Middlesbrough,4,2,3,2
05/04/2017,Liverpool,Bournemouth,2,2,1,1
05/04/2017,Southampton,Crystal Palace,3,1,1,1
05/04/2017,Swansea,Tottenham,1,3,1,0
08/04/2017,Bournemouth,Chelsea,1,3,1,2
08/04/2017,Man City,Hull,3,1,1,0
08/04/2017,Middlesbrough,Burnley,0,0,0,0
08/04/2017,Stoke,Liverpool,1,2,1,0
08/04/2017,Tottenham,Watford,4,0,3,0
08/04/2017,West Brom,Southampton,0,1,0,1
08/04/2017,West Ham,Swansea,1,0,1,0
09/04/2017,Everton,Leicester,4,2,3,2
09/04/2017,Sunderland,Man United,0,3,0,1
10/04/2017,Crystal Palace,Arsenal,3,0,1,0
15/04/2017,Crystal Palace,Leicester,2,2,0,1
15/04/2017,Everton,Burnley,3,1,0,0
15/04/2017,Southampton,Man City,0,3,0,0
15/04/2017,Stoke,Hull,3,1,1,0
15/04/2017,Sunderland,West Ham,2,2,1,1
15/04/2017,Tottenham,Bournemouth,4,0,2,0
15/04/2017,Watford,Swansea,1,0,1,0
16/04/2017,Man United,Chelsea,2,0,1,0
16/04/2017,West Brom,Liverpool,0,1,0,1
17/04/2017,Middlesbrough,Arsenal,1,2,0,1
22/04/2017,Bournemouth,Middlesbrough,4,0,2,0
22/04/2017,Hull,Watford,2,0,0,0
22/04/2017,Swansea,Stoke,2,0,1,0
22/04/2017,West Ham,Everton,0,0,0,0
23/04/2017,Burnley,Man United,0,2,0,2
23/04/2017,Liverpool,Crystal Palace,1,2,1,1
25/04/2017,Chelsea,Southampton,4,2,2,1
26/04/2017,Arsenal,Leicester,1,0,0,0
26/04/2017,Crystal Palace,Tottenham,0,1,0,0
26/04/2017,Middlesbrough,Sunderland,1,0,1,0
27/04/2017,Man City,Man United,0,0,0,0
29/04/2017,Crystal Palace,Burnley,0,2,0,1
29/04/2017,Southampton,Hull,0,0,0,0
29/04/2017,Stoke,West Ham,0,0,0,0
29/04/2017,Sunderland,Bournemouth,0,1,0,0
29/04/2017,West Brom,Leicester,0,1,0,1
30/04/2017,Everton,Chelsea,0,3,0,0
30/04/2017,Man United,Swansea,1,1,1,0
30/04/2017,Middlesbrough,Man City,2,2,1,0
30/04/2017,Tottenham,Arsenal,2,0,0,0
01/05/2017,Watford,Liverpool,0,1,0,1
05/05/2017,West Ham,Tottenham,1,0,0,0
06/05/2017,Bournemouth,Stoke,2,2,0,1
06/05/2017,Burnley,West Brom,2,2,0,0
06/05/2017,Hull,Sunderland,0,2,0,0
06/05/2017,Leicester,Watford,3,0,1,0
06/05/2017,Man City,Crystal Palace,5,0,1,0
06/05/2017,Swansea,Everton,1,0,1,0
07/05/2017,Arsenal,Man United,2,0,0,0
07/05/2017,Liverpool,Southampton,0,0,0,0
08/05/2017,Chelsea,Middlesbrough,3,0,2,0
10/05/2017,Southampton,Arsenal,0,2,0,0
12/05/2017,Everton,Watford,1,0,0,0
12/05/2017,West Brom,Chelsea,0,1,0,0
13/05/2017,Bournemouth,Burnley,2,1,1,0
13/05/2017,Man City,Leicester,2,1,2,1
13/05/2017,Middlesbrough,Southampton,1,2,0,1
13/05/2017,Stoke,Arsenal,1,4,0,1
13/05/2017,Sunderland,Swansea,0,2,0,2
14/05/2017,Crystal Palace,Hull,4,0,2,0
14/05/2017,Tottenham,Man United,2,1,1,0
14/05/2017,West Ham,Liverpool,0,4,0,1
15/05/2017,Chelsea,Watford,4,3,2,1
16/05/2017,Arsenal,Sunderland,2,0,0,0
16/05/2017,Man City,West Brom,3,1,2,0
17/05/2017,Southampton,Man United,0,0,0,0
18/05/2017,Leicester,Tottenham,1,6,0,2
21/05/2017,Arsenal,Everton,3,1,2,0
21/05/2017,Burnley,West Ham,1,2,1,1
21/05/2017,Chelsea,Sunderland,5,1,1,1
21/05/2017,Hull,Tottenham,1,7,0,3
21/05/2017,Leicester,Bournemouth,1,1,0,1
21/05/2017,Liverpool,Middlesbrough,3,0,1,0
21/05/2017,Man United,Crystal Palace,2,0,2,0
21/05/2017,Southampton,Stoke,0,1,0,0
21/05/2017,Swansea,West Brom,2,1,0,1
21/05/2017,Watford,Man City,0,5,0,4
11/08/2017,Arsenal,Leicester,4,3,2,2
12/08/2017,Brighton,Man City,0,2,0,0
12/08/2017,Chelsea,Burnley,2,3,0,3
12/08/2017,Crystal Palace,Huddersfield,0,3,0,2
12/08/2017,Everton,Stoke,1,0,1,0
12/08/2017,Southampton,Swansea,0,0,0,0
12/08/2017,Watford,Liverpool,3,3,2,1
12/08/2017,West Brom,Bournemouth,1,0,1,0
13/08/2017,Man United,West Ham,4,0,1,0
13/08/2017,Newcastle,Tottenham,0,2,0,0
19/08/2017,Bournemouth,Watford,0,2,0,0
19/08/2017,Burnley,West Brom,0,1,0,0
19/08/2017,Leicester,Brighton,2,0,1,0
19/08/2017,Liverpool,Crystal Palace,1,0,0,0
19/08/2017,Southampton,West Ham,3,2,2,1
19/08/2017,Stoke,Arsenal,1,0,0,0
19/08/2017,Swansea,Man United,0,4,0,1
20/08/2017,Huddersfield,Newcastle,1,0,0,0
20/08/2017,Tottenham,Chelsea,1,2,0,1
21/08/2017,Man City,Everton,1,1,0,1
26/08/2017,Bournemouth,Man City,1,2,1,1
26/08/2017,Crystal Palace,Swansea,0,2,0,1
26/08/2017,Huddersfield,Southampton,0,0,0,0
26/08/2017,Man United,Leicester,2,0,0,0
26/08/2017,Newcastle,West Ham,3,0,1,0
26/08/2017,Watford,Brighton,0,0,0,0
27/08/2017,Chelsea,Everton,2,0,2,0
27/08/2017,Liverpool,Arsenal,4,0,2,0
27/08/2017,Tottenham,Burnley,1,1,0,0
27/08/2017,West Brom,Stoke,1,1,0,0
09/09/2017,Arsenal,Bournemouth,3,0,2,0
09/09/2017,Brighton,West Brom,3,1,1,0
09/09/2017,Everton,Tottenham,0,3,0,2
09/09/2017,Leicester,Chelsea,1,2,0,1
09/09/2017,Man City,Liverpool,5,0,2,0
09/09/2017,Southampton,Watford,0,2,0,1
09/09/2017,Stoke,Man United,2,2,1,1
10/09/2017,Burnley,Crystal Palace,1,0,1,0
10/09/2017,Swansea,Newcastle,0,1,0,0
11/09/2017,West Ham,Huddersfield,2,0,0,0
15/09/2017,Bournemouth,Brighton,2,1,0,0
16/09/2017,Crystal Palace,Southampton,0,1,0,1
16/09/2017,Huddersfield,Leicester,1,1,0,0
16/09/2017,Liverpool,Burnley,1,1,1,1
16/09/2017,Newcastle,Stoke,2,1,1,0
16/09/2017,Tottenham,Swansea,0,0,0,0
16/09/2017,Watford,Man City,0,6,0,3
16/09/2017,West Brom,West Ham,0,0,0,0
17/09/2017,Chelsea,Arsenal,0,0,0,0
17/09/2017,Man United,Everton,4,0,1,0
23/09/2017,Burnley,Huddersfield,0,0,0,0
23/09/2017,Everton,Bournemouth,2,1,0,0
23/09/2017,Leicester,Liverpool,2,3,1,2
23/09/2017,Man City,Crystal Palace,5,0,1,0
23/09/2017,Southampton,Man United,0,1,0,1
23/09/2017,Stoke,Chelsea,0,4,0,2
23/09/2017,Swansea,Watford,1,2,0,1
23/09/2017,West Ham,Tottenham,2,3,0,2
24/09/2017,Brighton,Newcastle,1,0,0,0
25/09/2017,Arsenal,West Brom,2,0,1,0
30/09/2017,Bournemouth,Leicester,0,0,0,0
30/09/2017,Chelsea,Man City,0,1,0,0
30/09/2017,Huddersfield,Tottenham,0,4,0,3
30/09/2017,Man United,Crystal Palace,4,0,2,0
30/09/2017,Stoke,Southampton,2,1,1,0
30/09/2017,West Brom,Watford,2,2,2,1
30/09/2017,West Ham,Swansea,1,0,0,0
01/10/2017,Arsenal,Brighton,2,0,1,0
01/10/2017,Everton,Burnley,0,1,0,1
01/10/2017,Newcastle,Liverpool,1,1,1,1
14/10/2017,Burnley,West Ham,1,1,0,1
14/10/2017,Crystal Palace,Chelsea,2,1,2,1
14/10/2017,Liverpool,Man United,0,0,0,0
14/10/2017,Man City,Stoke,7,2,3,1
14/10/2017,Swansea,Huddersfield,2,0,1,0
14/10/2017,Tottenham,Bournemouth,1,0,0,0
14/10/2017,Watford,Arsenal,2,1,0,1
15/10/2017,Brighton,Everton,1,1,0,0
15/10/2017,Southampton,Newcastle,2,2,0,1
16/10/2017,Leicester,West Brom,1,1,0,0
20/10/2017,West Ham,Brighton,0,3,0,2
21/10/2017,Chelsea,Watford,4,2,1,1
21/10/2017,Huddersfield,Man United,2,1,2,0
21/10/2017,Man City,Burnley,3,0,1,0
21/10/2017,Newcastle,Crystal Palace,1,0,0,0
21/10/2017,Southampton,West Brom,1,0,0,0
21/10/2017,Stoke,Bournemouth,1,2,0,2
21/10/2017,Swansea,Leicester,1,2,0,1
22/10/2017,Everton,Arsenal,2,5,1,1
22/10/2017,Tottenham,Liverpool,4,1,3,1
28/10/2017,Arsenal,Swansea,2,1,0,1
28/10/2017,Bournemouth,Chelsea,0,1,0,0
28/10/2017,Crystal Palace,West Ham,2,2,0,2
28/10/2017,Liverpool,Huddersfield,3,0,0,0
28/10/2017,Man United,Tottenham,1,0,0,0
28/10/2017,Watford,Stoke,0,1,0,1
28/10/2017,West Brom,Man City,2,3,1,2
29/10/2017,Brighton,Southampton,1,1,0,1
29/10/2017,Leicester,Everton,2,0,2,0
30/10/2017,Burnley,Newcastle,1,0,0,0
04/11/2017,Huddersfield,West Brom,1,0,1,0
04/11/2017,Newcastle,Bournemouth,0,1,0,0
04/11/2017,Southampton,Burnley,0,1,0,0
04/11/2017,Stoke,Leicester,2,2,1,1
04/11/2017,Swansea,Brighton,0,1,0,1
04/11/2017,West Ham,Liverpool,1,4,0,2
05/11/2017,Chelsea,Man United,1,0,0,0
05/11/2017,Everton,Watford,3,2,0,0
05/11/2017,Man City,Arsenal,3,1,1,0
05/11/2017,Tottenham,Crystal Palace,1,0,0,0
18/11/2017,Arsenal,Tottenham,2,0,2,0
18/11/2017,Bournemouth,Huddersfield,4,0,2,0
18/11/2017,Burnley,Swansea,2,0,2,0
18/11/2017,Crystal Palace,Everton,2,2,2,2
18/11/2017,Leicester,Man City,0,2,0,1
18/11/2017,Liverpool,Southampton,3,0,2,0
18/11/2017,Man United,Newcastle,4,1,2,1
18/11/2017,West Brom,Chelsea,0,4,0,3
19/11/2017,Watford,West Ham,2,0,1,0
20/11/2017,Brighton,Stoke,2,2,1,2
24/11/2017,West Ham,Leicester,1,1,1,1
25/11/2017,Crystal Palace,Stoke,2,1,0,0
25/11/2017,Liverpool,Chelsea,1,1,0,0
25/11/2017,Man United,Brighton,1,0,0,0
25/11/2017,Newcastle,Watford,0,3,0,2
25/11/2017,Swansea,Bournemouth,0,0,0,0
25/11/2017,Tottenham,West Brom,1,1,0,1
26/11/2017,Burnley,Arsenal,0,1,0,0
26/11/2017,Huddersfield,Man City,1,2,1,0
26/11/2017,Southampton,Everton,4,1,1,1
28/11/2017,Brighton,Crystal Palace,0,0,0,0
28/11/2017,Leicester,Tottenham,2,1,2,0
28/11/2017,Watford,Man United,2,4,0,3
28/11/2017,West Brom,Newcastle,2,2,1,0
29/11/2017,Arsenal,Huddersfield,5,0,1,0
29/11/2017,Bournemouth,Burnley,1,2,0,1
29/11/2017,Chelsea,Swansea,1,0,0,0
29/11/2017,Everton,West Ham,4,0,2,0
29/11/2017,Man City,Southampton,2,1,0,0
29/11/2017,Stoke,Liverpool,0,3,0,1
02/12/2017,Arsenal,Man United,1,3,0,2
02/12/2017,Brighton,Liverpool,1,5,0,2
02/12/2017,Chelsea,Newcastle,3,1,2,1
02/12/2017,Everton,Huddersfield,2,0,0,0
02/12/2017,Leicester,Burnley,1,0,1,0
02/12/2017,Stoke,Swansea,2,1,2,1
02/12/2017,Watford,Tottenham,1,1,1,1
02/12/2017,West Brom,Crystal Palace,0,0,0,0
03/12/2017,Bournemouth,Southampton,1,1,1,0
03/12/2017,Man City,West Ham,2,1,0,1
09/12/2017,Burnley,Watford,1,0,1,0
09/12/2017,Crystal Palace,Bournemouth,2,2,2,2
09/12/2017,Huddersfield,Brighton,2,0,2,0
09/12/2017,Newcastle,Leicester,2,3,1,1
09/12/2017,Swansea,West Brom,1,0,0,0
09/12/2017,Tottenham,Stoke,5,1,1,0
09/12/2017,West Ham,Chelsea,1,0,1,0
10/12/2017,Liverpool,Everton,1,1,1,0
10/12/2017,Man United,Man City,1,2,1,1
10/12/2017,Southampton,Arsenal,1,1,1,0
12/12/2017,Burnley,Stoke,1,0,0,0
12/12/2017,Crystal Palace,Watford,2,1,0,1
12/12/2017,Huddersfield,Chelsea,1,3,0,2
13/12/2017,Liverpool,West Brom,0,0,0,0
13/12/2017,Man United,Bournemouth,1,0,1,0
13/12/2017,Newcastle,Everton,0,1,0,1
13/12/2017,Southampton,Leicester,1,4,0,3
13/12/2017,Swansea,Man City,0,4,0,2
13/12/2017,Tottenham,Brighton,2,0,1,0
13/12/2017,West Ham,Arsenal,0,0,0,0
16/12/2017,Arsenal,Newcastle,1,0,1,0
16/12/2017,Brighton,Burnley,0,0,0,0
16/12/2017,Chelsea,Southampton,1,0,1,0
16/12/2017,Leicester,Crystal Palace,0,3,0,2
16/12/2017,Man City,Tottenham,4,1,1,0
16/12/2017,Stoke,West Ham,0,3,0,1
16/12/2017,Watford,Huddersfield,1,4,0,2
17/12/2017,Bournemouth,Liverpool,0,4,0,3
17/12/2017,West Brom,Man United,1,2,0,2
18/12/2017,Everton,Swansea,3,1,1,1
22/12/2017,Arsenal,Liverpool,3,3,0,1
23/12/2017,Brighton,Watford,1,0,0,0
23/12/2017,Burnley,Tottenham,0,3,0,1
23/12/2017,Everton,Chelsea,0,0,0,0
23/12/2017,Leicester,Man United,2,2,1,1
23/12/2017,Man City,Bournemouth,4,0,1,0
23/12/2017,Southampton,Huddersfield,1,1,1,0
23/12/2017,Stoke,West Brom,3,1,2,0
23/12/2017,Swansea,Crystal Palace,1,1,0,0
23/12/2017,West Ham,Newcastle,2,3,1,1
26/12/2017,Bournemouth,West Ham,3,3,1,1
26/12/2017,Chelsea,Brighton,2,0,0,0
26/12/2017,Huddersfield,Stoke,1,1,1,0
26/12/2017,Liverpool,Swansea,5,0,1,0
26/12/2017,Man United,Burnley,2,2,0,2
26/12/2017,Tottenham,Southampton,5,2,2,0
26/12/2017,Watford,Leicester,2,1,1,1
26/12/2017,West Brom,Everton,0,0,0,0
27/12/2017,Newcastle,Man City,0,1,0,1
28/12/2017,Crystal Palace,Arsenal,2,3,0,1
30/12/2017,Bournemouth,Everton,2,1,1,0
30/12/2017,Chelsea,Stoke,5,0,3,0
30/12/2017,Huddersfield,Burnley,0,0,0,0
30/12/2017,Liverpool,Leicester,2,1,0,1
30/12/2017,Man United,Southampton,0,0,0,0
30/12/2017,Newcastle,Brighton,0,0,0,0
30/12/2017,Watford,Swansea,1,2,1,0
31/12/2017,Crystal Palace,Man City,0,0,0,0
31/12/2017,West Brom,Arsenal,1,1,0,0
01/01/2018,Brighton,Bournemouth,2,2,1,1
01/01/2018,Burnley,Liverpool,1,2,0,0
01/01/2018,Everton,Man United,0,2,0,0
01/01/2018,Leicester,Huddersfield,3,0,0,0
01/01/2018,Stoke,Newcastle,0,1,0,0
02/01/2018,Man City,Watford,3,1,2,0
02/01/2018,Southampton,Crystal Palace,1,2,1,0
02/01/2018,Swansea,Tottenham,0,2,0,1
02/01/2018,West Ham,West Brom,2,1,0,1
03/01/2018,Arsenal,Chelsea,2,2,0,0
04/01/2018,Tottenham,West Ham,1,1,0,0
13/01/2018,Chelsea,Leicester,0,0,0,0
13/01/2018,Crystal Palace,Burnley,1,0,1,0
13/01/2018,Huddersfield,West Ham,1,4,1,1
13/01/2018,Newcastle,Swansea,1,1,0,0
13/01/2018,Tottenham,Everton,4,0,1,0
13/01/2018,Watford,Southampton,2,2,0,2
13/01/2018,West Brom,Brighton,2,0,1,0
14/01/2018,Bournemouth,Arsenal,2,1,0,0
14/01/2018,Liverpool,Man City,4,3,1,1
15/01/2018,Man United,Stoke,3,0,2,0
20/01/2018,Arsenal,Crystal Palace,4,1,4,0
20/01/2018,Brighton,Chelsea,0,4,0,2
20/01/2018,Burnley,Man United,0,1,0,0
20/01/2018,Everton,West Brom,1,1,0,1
20/01/2018,Leicester,Watford,2,0,1,0
20/01/2018,Man City,Newcastle,3,1,1,0
20/01/2018,Stoke,Huddersfield,2,0,0,0
20/01/2018,West Ham,Bournemouth,1,1,0,0
21/01/2018,Southampton,Tottenham,1,1,1,1
22/01/2018,Swansea,Liverpool,1,0,1,0
30/01/2018,Huddersfield,Liverpool,0,3,0,2
30/01/2018,Swansea,Arsenal,3,1,1,1
30/01/2018,West Ham,Crystal Palace,1,1,1,1
31/01/2018,Chelsea,Bournemouth,0,3,0,0
31/01/2018,Everton,Leicester,2,1,2,0
31/01/2018,Man City,West Brom,3,0,1,0
31/01/2018,Newcastle,Burnley,1,1,0,0
31/01/2018,Southampton,Brighton,1,1,0,1
31/01/2018,Stoke,Watford,0,0,0,0
31/01/2018,Tottenham,Man United,2,0,2,0
03/02/2018,Arsenal,Everton,5,1,4,0
03/02/2018,Bournemouth,Stoke,2,1,0,1
03/02/2018,Brighton,West Ham,3,1,1,1
03/02/2018,Burnley,Man City,1,1,0,1
03/02/2018,Leicester,Swansea,1,1,1,0
03/02/2018,Man United,Huddersfield,2,0,0,0
03/02/2018,West Brom,Southampton,2,3,1,2
04/02/2018,Crystal Palace,Newcastle,1,1,0,1
04/02/2018,Liverpool,Tottenham,2,2,1,0
05/02/2018,Watford,Chelsea,4,1,1,0
10/02/2018,Everton,Crystal Palace,3,1,0,0
10/02/2018,Man City,Leicester,5,1,1,1
10/02/2018,Stoke,Brighton,1,1,0,1
10/02/2018,Swansea,Burnley,1,0,0,0
10/02/2018,Tottenham,Arsenal,1,0,0,0
10/02/2018,West Ham,Watford,2,0,1,0
11/02/2018,Huddersfield,Bournemouth,4,1,2,1
11/02/2018,Newcastle,Man United,1,0,0,0
11/02/2018,Southampton,Liverpool,0,2,0,2
12/02/2018,Chelsea,West Brom,3,0,1,0
24/02/2018,Bournemouth,Newcastle,2,2,0,2
24/02/2018,Brighton,Swansea,4,1,1,0
24/02/2018,Burnley,Southampton,1,1,0,0
24/02/2018,Leicester,Stoke,1,1,0,1
24/02/2018,Liverpool,West Ham,4,1,1,0
24/02/2018,Watford,Everton,1,0,0,0
24/02/2018,West Brom,Huddersfield,1,2,0,0
25/02/2018,Crystal Palace,Tottenham,0,1,0,0
25/02/2018,Man United,Chelsea,2,1,1,1
01/03/2018,Arsenal,Man City,0,3,0,3
03/03/2018,Burnley,Everton,2,1,0,1
03/03/2018,Leicester,Bournemouth,1,1,0,1
03/03/2018,Liverpool,Newcastle,2,0,1,0
03/03/2018,Southampton,Stoke,0,0,0,0
03/03/2018,Swansea,West Ham,4,1,2,0
03/03/2018,Tottenham,Huddersfield,2,0,1,0
03/03/2018,Watford,West Brom,1,0,0,0
04/03/2018,Brighton,Arsenal,2,1,2,1
04/03/2018,Man City,Chelsea,1,0,0,0
05/03/2018,Crystal Palace,Man United,2,3,1,0
10/03/2018,Chelsea,Crystal Palace,2,1,2,0
10/03/2018,Everton,Brighton,2,0,0,0
10/03/2018,Huddersfield,Swansea,0,0,0,0
10/03/2018,Man United,Liverpool,2,1,2,0
10/03/2018,Newcastle,Southampton,3,0,2,0
10/03/2018,West Brom,Leicester,1,4,1,1
10/03/2018,West Ham,Burnley,0,3,0,0
11/03/2018,Arsenal,Watford,3,0,1,0
11/03/2018,Bournemouth,Tottenham,1,4,1,1
12/03/2018,Stoke,Man City,0,2,0,1
17/03/2018,Bournemouth,West Brom,2,1,0,0
17/03/2018,Huddersfield,Crystal Palace,0,2,0,1
17/03/2018,Liverpool,Watford,5,0,2,0
17/03/2018,Stoke,Everton,1,2,0,0
31/03/2018,Brighton,Leicester,0,2,0,0
31/03/2018,Crystal Palace,Liverpool,1,2,1,0
31/03/2018,Everton,Man City,1,3,0,3
31/03/2018,Man United,Swansea,2,0,2,0
31/03/2018,Newcastle,Huddersfield,1,0,0,0
31/03/2018,Watford,Bournemouth,2,2,1,1
31/03/2018,West Brom,Burnley,1,2,0,1
31/03/2018,West Ham,Southampton,3,0,3,0
01/04/2018,Arsenal,Stoke,3,0,0,0
01/04/2018,Chelsea,Tottenham,1,3,1,1
07/04/2018,Bournemouth,Crystal Palace,2,2,0,0
07/04/2018,Brighton,Huddersfield,1,1,1,1
07/04/2018,Everton,Liverpool,0,0,0,0
07/04/2018,Leicester,Newcastle,1,2,0,1
07/04/2018,Man City,Man United,2,3,2,0
07/04/2018,Stoke,Tottenham,1,2,0,0
07/04/2018,Watford,Burnley,1,2,0,0
07/04/2018,West Brom,Swansea,1,1,0,0
08/04/2018,Arsenal,Southampton,3,2,2,1
08/04/2018,Chelsea,West Ham,1,1,1,0
14/04/2018,Burnley,Leicester,2,1,2,0
14/04/2018,Crystal Palace,Brighton,3,2,3,2
14/04/2018,Huddersfield,Watford,1,0,0,0
14/04/2018,Liverpool,Bournemouth,3,0,1,0
14/04/2018,Southampton,Chelsea,2,3,1,0
14/04/2018,Swansea,Everton,1,1,0,1
14/04/2018,Tottenham,Man City,1,3,1,2
15/04/2018,Man United,West Brom,0,1,0,0
15/04/2018,Newcastle,Arsenal,2,1,1,1
16/04/2018,West Ham,Stoke,1,1,0,0
17/04/2018,Brighton,Tottenham,1,1,0,0
18/04/2018,Bournemouth,Man United,0,2,0,1
19/04/2018,Burnley,Chelsea,1,2,0,1
19/04/2018,Leicester,Southampton,0,0,0,0
21/04/2018,Watford,Crystal Palace,0,0,0,0
21/04/2018,West Brom,Liverpool,2,2,0,1
22/04/2018,Arsenal,West Ham,4,1,0,0
22/04/2018,Man City,Swansea,5,0,2,0
22/04/2018,Stoke,Burnley,1,1,1,0
23/04/2018,Everton,Newcastle,1,0,0,0
28/04/2018,Burnley,Brighton,0,0,0,0
28/04/2018,Crystal Palace,Leicester,5,0,2,0
28/04/2018,Huddersfield,Everton,0,2,0,1
28/04/2018,Liverpool,Stoke,0,0,0,0
28/04/2018,Newcastle,West Brom,0,1,0,1
28/04/2018,Southampton,Bournemouth,2,1,1,1
28/04/2018,Swansea,Chelsea,0,1,0,1
29/04/2018,Man United,Arsenal,2,1,1,0
29/04/2018,West Ham,Man City,1,4,1,2
30/04/2018,Tottenham,Watford,2,0,1,0
04/05/2018,Brighton,Man United,1,0,0,0
05/05/2018,Bournemouth,Swansea,1,0,1,0
05/05/2018,Everton,Southampton,1,1,0,0
05/05/2018,Leicester,West Ham,0,2,0,1
05/05/2018,Stoke,Crystal Palace,1,2,1,0
05/05/2018,Watford,Newcastle,2,1,2,0
05/05/2018,West Brom,Tottenham,1,0,0,0
06/05/2018,Arsenal,Burnley,5,0,2,0
06/05/2018,Chelsea,Liverpool,1,0,1,0
06/05/2018,Man City,Huddersfield,0,0,0,0
08/05/2018,Swansea,Southampton,0,1,0,0
09/05/2018,Chelsea,Huddersfield,1,1,0,0
09/05/2018,Leicester,Arsenal,3,1,1,0
09/05/2018,Man City,Brighton,3,1,2,1
09/05/2018,Tottenham,Newcastle,1,0,0,0
10/05/2018,West Ham,Man United,0,0,0,0
13/05/2018,Burnley,Bournemouth,1,2,1,0
13/05/2018,Crystal Palace,West Brom,2,0,0,0
13/05/2018,Huddersfield,Arsenal,0,1,0,1
13/05/2018,Liverpool,Brighton,4,0,2,0
13/05/2018,Man United,Watford,1,0,1,0
13/05/2018,Newcastle,Chelsea,3,0,1,0
13/05/2018,Southampton,Man City,0,1,0,0
13/05/2018,Swansea,Stoke,1,2,1,2
13/05/2018,Tottenham,Leicester,5,4,1,2
13/05/2018,West Ham,Everton,3,1,1,0
10/08/2018,Man United,Leicester,2,1,1,0
11/08/2018,Bournemouth,Cardiff,2,0,1,0
11/08/2018,Fulham,Crystal Palace,0,2,0,1
11/08/2018,Huddersfield,Chelsea,0,3,0,2
11/08/2018,Newcastle,Tottenham,1,2,1,2
11/08/2018,Watford,Brighton,2,0,1,0
11/08/2018,Wolves,Everton,2,2,1,1
12/08/2018,Arsenal,Man City,0,2,0,1
12/08/2018,Liverpool,West Ham,4,0,2,0
12/08/2018,Southampton,Burnley,0,0,0,0
18/08/2018,Cardiff,Newcastle,0,0,0,0
18/08/2018,Chelsea,Arsenal,3,2,2,2
18/08/2018,Everton,Southampton,2,1,2,0
18/08/2018,Leicester,Wolves,2,0,2,0
18/08/2018,Tottenham,Fulham,3,1,1,0
18/08/2018,West Ham,Bournemouth,1,2,1,0
19/08/2018,Brighton,Man United,3,2,3,1
19/08/2018,Burnley,Watford,1,3,1,1
19/08/2018,Man City,Huddersfield,6,1,3,1
20/08/2018,Crystal Palace,Liverpool,0,2,0,1
25/08/2018,Arsenal,West Ham,3,1,1,1
25/08/2018,Bournemouth,Everton,2,2,0,0
25/08/2018,Huddersfield,Cardiff,0,0,0,0
25/08/2018,Liverpool,Brighton,1,0,1,0
25/08/2018,Southampton,Leicester,1,2,0,0
25/08/2018,Wolves,Man City,1,1,0,0
26/08/2018,Fulham,Burnley,4,2,3,2
26/08/2018,Newcastle,Chelsea,1,2,0,0
26/08/2018,Watford,Crystal Palace,2,1,0,0
27/08/2018,Man United,Tottenham,0,3,0,0
01/09/2018,Brighton,Fulham,2,2,0,1
01/09/2018,Chelsea,Bournemouth,2,0,0,0
01/09/2018,Crystal Palace,Southampton,0,2,0,0
01/09/2018,Everton,Huddersfield,1,1,1,1
01/09/2018,Leicester,Liverpool,1,2,0,2
01/09/2018,Man City,Newcastle,2,1,1,1
01/09/2018,West Ham,Wolves,0,1,0,0
02/09/2018,Burnley,Man United,0,2,0,2
02/09/2018,Cardiff,Arsenal,2,3,1,1
02/09/2018,Watford,Tottenham,2,1,0,0
15/09/2018,Bournemouth,Leicester,4,2,3,0
15/09/2018,Chelsea,Cardiff,4,1,2,1
15/09/2018,Huddersfield,Crystal Palace,0,1,0,1
15/09/2018,Man City,Fulham,3,0,2,0
15/09/2018,Newcastle,Arsenal,1,2,0,0
15/09/2018,Tottenham,Liverpool,1,2,0,1
15/09/2018,Watford,Man United,1,2,0,2
16/09/2018,Everton,West Ham,1,3,1,2
16/09/2018,Wolves,Burnley,1,0,0,0
17/09/2018,Southampton,Brighton,2,2,1,0
22/09/2018,Brighton,Tottenham,1,2,0,1
22/09/2018,Burnley,Bournemouth,4,0,2,0
22/09/2018,Cardiff,Man City,0,5,0,3
22/09/2018,Crystal Palace,Newcastle,0,0,0,0
22/09/2018,Fulham,Watford,1,1,0,1
22/09/2018,Leicester,Huddersfield,3,1,1,1
22/09/2018,Liverpool,Southampton,3,0,3,0
22/09/2018,Man United,Wolves,1,1,1,0
23/09/2018,Arsenal,Everton,2,0,0,0
23/09/2018,West Ham,Chelsea,0,0,0,0
29/09/2018,Arsenal,Watford,2,0,0,0
29/09/2018,Chelsea,Liverpool,1,1,1,0
29/09/2018,Everton,Fulham,3,0,0,0
29/09/2018,Huddersfield,Tottenham,0,2,0,2
29/09/2018,Man City,Brighton,2,0,1,0
29/09/2018,Newcastle,Leicester,0,2,0,1
29/09/2018,West Ham,Man United,3,1,2,0
29/09/2018,Wolves,Southampton,2,0,0,0
30/09/2018,Cardiff,Burnley,1,2,0,0
01/10/2018,Bournemouth,Crystal Palace,2,1,1,0
05/10/2018,Brighton,West Ham,1,0,1,0
06/10/2018,Burnley,Huddersfield,1,1,1,0
06/10/2018,Crystal Palace,Wolves,0,1,0,0
06/10/2018,Leicester,Everton,1,2,1,1
06/10/2018,Man United,Newcastle,3,2,0,2
06/10/2018,Tottenham,Cardiff,1,0,1,0
06/10/2018,Watford,Bournemouth,0,4,0,3
07/10/2018,Fulham,Arsenal,1,5,1,1
07/10/2018,Liverpool,Man City,0,0,0,0
07/10/2018,Southampton,Chelsea,0,3,0,1
20/10/2018,Bournemouth,Southampton,0,0,0,0
20/10/2018,Cardiff,Fulham,4,2,2,2
20/10/2018,Chelsea,Man United,2,2,1,0
20/10/2018,Huddersfield,Liverpool,0,1,0,1
20/10/2018,Man City,Burnley,5,0,1,0
20/10/2018,Newcastle,Brighton,0,1,0,1
20/10/2018,West Ham,Tottenham,0,1,0,1
20/10/2018,Wolves,Watford,0,2,0,2
21/10/2018,Everton,Crystal Palace,2,0,0,0
22/10/2018,Arsenal,Leicester,3,1,1,1
27/10/2018,Brighton,Wolves,1,0,0,0
27/10/2018,Fulham,Bournemouth,0,3,0,1
27/10/2018,Leicester,West Ham,1,1,0,1
27/10/2018,Liverpool,Cardiff,4,1,1,0
27/10/2018,Southampton,Newcastle,0,0,0,0
27/10/2018,Watford,Huddersfield,3,0,2,0
28/10/2018,Burnley,Chelsea,0,4,0,1
28/10/2018,Crystal Palace,Arsenal,2,2,1,0
28/10/2018,Man United,Everton,2,1,1,0
29/10/2018,Tottenham,Man City,0,1,0,1
03/11/2018,Arsenal,Liverpool,1,1,0,0
03/11/2018,Bournemouth,Man United,1,2,1,1
03/11/2018,Cardiff,Leicester,0,1,0,0
03/11/2018,Everton,Brighton,3,1,1,1
03/11/2018,Newcastle,Watford,1,0,0,0
03/11/2018,West Ham,Burnley,4,2,1,1
03/11/2018,Wolves,Tottenham,2,3,0,2
04/11/2018,Chelsea,Crystal Palace,3,1,1,0
04/11/2018,Man City,Southampton,6,1,4,1
05/11/2018,Huddersfield,Fulham,1,0,1,0
10/11/2018,Cardiff,Brighton,2,1,1,1
10/11/2018,Crystal Palace,Tottenham,0,1,0,0
10/11/2018,Huddersfield,West Ham,1,1,1,0
10/11/2018,Leicester,Burnley,0,0,0,0
10/11/2018,Newcastle,Bournemouth,2,1,2,1
10/11/2018,Southampton,Watford,1,1,1,0
11/11/2018,Arsenal,Wolves,1,1,0,1
11/11/2018,Chelsea,Everton,0,0,0,0
11/11/2018,Liverpool,Fulham,2,0,1,0
11/11/2018,Man City,Man United,3,1,1,0
24/11/2018,Brighton,Leicester,1,1,1,0
24/11/2018,Everton,Cardiff,1,0,0,0
24/11/2018,Fulham,Southampton,3,2,2,1
24/11/2018,Man United,Crystal Palace,0,0,0,0
24/11/2018,Tottenham,Chelsea,3,1,2,0
24/11/2018,Watford,Liverpool,0,3,0,0
24/11/2018,West Ham,Man City,0,4,0,3
25/11/2018,Bournemouth,Arsenal,1,2,1,1
25/11/2018,Wolves,Huddersfield,0,2,0,1
26/11/2018,Burnley,Newcastle,1,2,1,2
30/11/2018,Cardiff,Wolves,2,1,0,1
01/12/2018,Crystal Palace,Burnley,2,0,1,0
01/12/2018,Huddersfield,Brighton,1,2,1,1
01/12/2018,Leicester,Watford,2,0,2,0
01/12/2018,Man City,Bournemouth,3,1,1,1
01/12/2018,Newcastle,West Ham,0,3,0,1
01/12/2018,Southampton,Man United,2,2,2,2
02/12/2018,Arsenal,Tottenham,4,2,1,2
02/12/2018,Chelsea,Fulham,2,0,1,0
02/12/2018,Liverpool,Everton,1,0,0,0
04/12/2018,Bournemouth,Huddersfield,2,1,2,1
04/12/2018,Brighton,Crystal Palace,3,1,3,0
04/12/2018,Watford,Man City,1,2,0,1
04/12/2018,West Ham,Cardiff,3,1,0,0
05/12/2018,Burnley,Liverpool,1,3,0,0
05/12/2018,Everton,Newcastle,1,1,1,1
05/12/2018,Fulham,Leicester,1,1,1,0
05/12/2018,Man United,Arsenal,2,2,1,1
05/12/2018,Tottenham,Southampton,3,1,1,0
05/12/2018,Wolves,Chelsea,2,1,0,1
08/12/2018,Arsenal,Huddersfield,1,0,0,0
08/12/2018,Bournemouth,Liverpool,0,4,0,1
08/12/2018,Burnley,Brighton,1,0,1,0
08/12/2018,Cardiff,Southampton,1,0,0,0
08/12/2018,Chelsea,Man City,2,0,1,0
08/12/2018,Leicester,Tottenham,0,2,0,1
08/12/2018,Man United,Fulham,4,1,3,0
08/12/2018,West Ham,Crystal Palace,3,2,0,1
09/12/2018,Newcastle,Wolves,1,2,1,1
10/12/2018,Everton,Watford,2,2,1,0
15/12/2018,Crystal Palace,Leicester,1,0,1,0
15/12/2018,Fulham,West Ham,0,2,0,2
15/12/2018,Huddersfield,Newcastle,0,1,0,0
15/12/2018,Man City,Everton,3,1,1,0
15/12/2018,Tottenham,Burnley,1,0,0,0
15/12/2018,Watford,Cardiff,3,2,1,0
15/12/2018,Wolves,Bournemouth,2,0,1,0
16/12/2018,Brighton,Chelsea,1,2,0,2
16/12/2018,Liverpool,Man United,3,1,1,1
16/12/2018,Southampton,Arsenal,3,2,2,1
21/12/2018,Wolves,Liverpool,0,2,0,1
22/12/2018,Arsenal,Burnley,3,1,1,0
22/12/2018,Bournemouth,Brighton,2,0,1,0
22/12/2018,Cardiff,Man United,1,5,1,3
22/12/2018,Chelsea,Leicester,0,1,0,0
22/12/2018,Huddersfield,Southampton,1,3,0,2
22/12/2018,Man City,Crystal Palace,2,3,1,2
22/12/2018,Newcastle,Fulham,0,0,0,0
22/12/2018,West Ham,Watford,0,2,0,1
23/12/2018,Everton,Tottenham,2,6,1,3
26/12/2018,Brighton,Arsenal,1,1,1,1
26/12/2018,Burnley,Everton,1,5,1,3
26/12/2018,Crystal Palace,Cardiff,0,0,0,0
26/12/2018,Fulham,Wolves,1,1,0,0
26/12/2018,Leicester,Man City,2,1,1,1
26/12/2018,Liverpool,Newcastle,4,0,1,0
26/12/2018,Man United,Huddersfield,3,1,1,0
26/12/2018,Tottenham,Bournemouth,5,0,3,0
26/12/2018,Watford,Chelsea,1,2,1,1
27/12/2018,Southampton,West Ham,1,2,0,0
29/12/2018,Brighton,Everton,1,0,0,0
29/12/2018,Fulham,Huddersfield,1,0,0,0
29/12/2018,Leicester,Cardiff,0,1,0,0
29/12/2018,Liverpool,Arsenal,5,1,4,1
29/12/2018,Tottenham,Wolves,1,3,1,0
29/12/2018,Watford,Newcastle,1,1,0,1
30/12/2018,Burnley,West Ham,2,0,2,0
30/12/2018,Crystal Palace,Chelsea,0,1,0,0
30/12/2018,Man United,Bournemouth,4,1,3,1
30/12/2018,Southampton,Man City,1,3,1,3
01/01/2019,Arsenal,Fulham,4,1,1,0
01/01/2019,Cardiff,Tottenham,0,3,0,3
01/01/2019,Everton,Leicester,0,1,0,0
02/01/2019,Bournemouth,Watford,3,3,3,3
02/01/2019,Chelsea,Southampton,0,0,0,0
02/01/2019,Huddersfield,Burnley,1,2,1,1
02/01/2019,Newcastle,Man United,0,2,0,0
02/01/2019,West Ham,Brighton,2,2,0,0
02/01/2019,Wolves,Crystal Palace,0,2,0,0
03/01/2019,Man City,Liverpool,2,1,1,0
12/01/2019,Brighton,Liverpool,0,1,0,0
12/01/2019,Burnley,Fulham,2,1,2,1
12/01/2019,Cardiff,Huddersfield,0,0,0,0
12/01/2019,Chelsea,Newcastle,2,1,1,1
12/01/2019,Crystal Palace,Watford,1,2,1,0
12/01/2019,Leicester,Southampton,1,2,0,2
12/01/2019,West Ham,Arsenal,1,0,0,0
13/01/2019,Everton,Bournemouth,2,0,0,0
13/01/2019,Tottenham,Man United,0,1,0,1
14/01/2019,Man City,Wolves,3,0,2,0
19/01/2019,Arsenal,Chelsea,2,0,2,0
19/01/2019,Bournemouth,West Ham,2,0,0,0
19/01/2019,Liverpool,Crystal Palace,4,3,0,1
19/01/2019,Man United,Brighton,2,1,2,0
19/01/2019,Newcastle,Cardiff,3,0,1,0
19/01/2019,Southampton,Everton,2,1,0,0
19/01/2019,Watford,Burnley,0,0,0,0
19/01/2019,Wolves,Leicester,4,3,2,0
20/01/2019,Fulham,Tottenham,1,2,1,0
20/01/2019,Huddersfield,Man City,0,3,0,1
29/01/2019,Arsenal,Cardiff,2,1,0,0
29/01/2019,Fulham,Brighton,4,2,0,2
29/01/2019,Huddersfield,Everton,0,1,0,1
29/01/2019,Man United,Burnley,2,2,0,0
29/01/2019,Newcastle,Man City,2,1,0,1
29/01/2019,Wolves,West Ham,3,0,0,0
30/01/2019,Bournemouth,Chelsea,4,0,0,0
30/01/2019,Liverpool,Leicester,1,1,1,1
30/01/2019,Southampton,Crystal Palace,1,1,0,1
30/01/2019,Tottenham,Watford,2,1,0,1
02/02/2019,Brighton,Watford,0,0,0,0
02/02/2019,Burnley,Southampton,1,1,0,0
02/02/2019,Cardiff,Bournemouth,2,0,1,0
02/02/2019,Chelsea,Huddersfield,5,0,2,0
02/02/2019,Crystal Palace,Fulham,2,0,1,0
02/02/2019,Everton,Wolves,1,3,1,2
02/02/2019,Tottenham,Newcastle,1,0,0,0
03/02/2019,Leicester,Man United,0,1,0,1
03/02/2019,Man City,Arsenal,3,1,2,1
04/02/2019,West Ham,Liverpool,1,1,1,1
06/02/2019,Everton,Man City,0,2,0,1
09/02/2019,Brighton,Burnley,1,3,0,1
09/02/2019,Crystal Palace,West Ham,1,1,0,1
09/02/2019,Fulham,Man United,0,3,0,2
09/02/2019,Huddersfield,Arsenal,1,2,0,2
09/02/2019,Liverpool,Bournemouth,3,0,2,0
09/02/2019,Southampton,Cardiff,1,2,0,0
09/02/2019,Watford,Everton,1,0,0,0
10/02/2019,Man City,Chelsea,6,0,4,0
10/02/2019,Tottenham,Leicester,3,1,1,0
11/02/2019,Wolves,Newcastle,1,1,0,0
22/02/2019,Cardiff,Watford,1,5,0,1
22/02/2019,West Ham,Fulham,3,1,2,1
23/02/2019,Bournemouth,Wolves,1,1,1,0
23/02/2019,Burnley,Tottenham,2,1,0,0
23/02/2019,Leicester,Crystal Palace,1,4,0,1
23/02/2019,Newcastle,Huddersfield,2,0,0,0
24/02/2019,Arsenal,Southampton,2,0,2,0
24/02/2019,Man United,Liverpool,0,0,0,0
26/02/2019,Cardiff,Everton,0,3,0,1
26/02/2019,Huddersfield,Wolves,1,0,0,0
26/02/2019,Leicester,Brighton,2,1,1,0
26/02/2019,Newcastle,Burnley,2,0,2,0
27/02/2019,Arsenal,Bournemouth,5,1,2,1
27/02/2019,Chelsea,Tottenham,2,0,0,0
27/02/2019,Crystal Palace,Man United,1,3,0,1
27/02/2019,Liverpool,Watford,5,0,2,0
27/02/2019,Man City,West Ham,1,0,0,0
27/02/2019,Southampton,Fulham,2,0,2,0
02/03/2019,Bournemouth,Man City,0,1,0,0
02/03/2019,Brighton,Huddersfield,1,0,0,0
02/03/2019,Burnley,Crystal Palace,1,3,0,1
02/03/2019,Man United,Southampton,3,2,0,1
02/03/2019,Tottenham,Arsenal,1,1,0,1
02/03/2019,West Ham,Newcastle,2,0,2,0
02/03/2019,Wolves,Cardiff,2,0,2,0
03/03/2019,Everton,Liverpool,0,0,0,0
03/03/2019,Fulham,Chelsea,1,2,1,2
03/03/2019,Watford,Leicester,2,1,1,0
09/03/2019,Cardiff,West Ham,2,0,1,0
09/03/2019,Crystal Palace,Brighton,1,2,0,1
09/03/2019,Huddersfield,Bournemouth,0,2,0,1
09/03/2019,Leicester,Fulham,3,1,1,0
09/03/2019,Man City,Watford,3,1,0,0
09/03/2019,Newcastle,Everton,3,2,0,2
09/03/2019,Southampton,Tottenham,2,1,0,1
10/03/2019,Arsenal,Man United,2,0,1,0
10/03/2019,Chelsea,Wolves,1,1,0,0
10/03/2019,Liverpool,Burnley,4,2,2,1
16/03/2019,Bournemouth,Newcastle,2,2,0,1
16/03/2019,Burnley,Leicester,1,2,1,1
16/03/2019,West Ham,Huddersfield,4,3,1,2
17/03/2019,Everton,Chelsea,2,0,0,0
17/03/2019,Fulham,Liverpool,1,2,0,1
30/03/2019,Brighton,Southampton,0,1,0,0
30/03/2019,Burnley,Wolves,2,0,1,0
30/03/2019,Crystal Palace,Huddersfield,2,0,0,0
30/03/2019,Fulham,Man City,0,2,0,2
30/03/2019,Leicester,Bournemouth,2,0,1,0
30/03/2019,Man United,Watford,2,1,1,0
30/03/2019,West Ham,Everton,0,2,0,2
31/03/2019,Cardiff,Chelsea,1,2,0,0
31/03/2019,Liverpool,Tottenham,2,1,1,0
01/04/2019,Arsenal,Newcastle,2,0,1,0
02/04/2019,Watford,Fulham,4,1,1,1
02/04/2019,Wolves,Man United,2,1,1,1
03/04/2019,Chelsea,Brighton,3,0,1,0
03/04/2019,Man City,Cardiff,2,0,2,0
03/04/2019,Tottenham,Crystal Palace,2,0,0,0
05/04/2019,Southampton,Liverpool,1,3,1,1
06/04/2019,Bournemouth,Burnley,1,3,1,2
06/04/2019,Huddersfield,Leicester,1,4,0,1
06/04/2019,Newcastle,Crystal Palace,0,1,0,0
07/04/2019,Everton,Arsenal,1,0,1,0
08/04/2019,Chelsea,West Ham,2,0,1,0
12/04/2019,Leicester,Newcastle,0,1,0,1
13/04/2019,Brighton,Bournemouth,0,5,0,1
13/04/2019,Burnley,Cardiff,2,0,1,0
13/04/2019,Fulham,Everton,2,0,0,0
13/04/2019,Man United,West Ham,2,1,1,0
13/04/2019,Southampton,Wolves,3,1,2,1
13/04/2019,Tottenham,Huddersfield,4,0,2,0
14/04/2019,Crystal Palace,Man City,1,3,0,1
14/04/2019,Liverpool,Chelsea,2,0,0,0
15/04/2019,Watford,Arsenal,0,1,0,1
16/04/2019,Brighton,Cardiff,0,2,0,1
20/04/2019,Bournemouth,Fulham,0,1,0,0
20/04/2019,Huddersfield,Watford,1,2,0,1
20/04/2019,Man City,Tottenham,1,0,1,0
20/04/2019,Newcastle,Southampton,3,1,2,0
20/04/2019,West Ham,Leicester,2,2,1,0
20/04/2019,Wolves,Brighton,0,0,0,0
21/04/2019,Arsenal,Crystal Palace,2,3,0,1
21/04/2019,Cardiff,Liverpool,0,2,0,0
21/04/2019,Everton,Man United,4,0,2,0
22/04/2019,Chelsea,Burnley,2,2,2,2
23/04/2019,Tottenham,Brighton,1,0,0,0
23/04/2019,Watford,Southampton,1,1,0,1
24/04/2019,Man United,Man City,0,2,0,0
24/04/2019,Wolves,Arsenal,3,1,3,0
26/04/2019,Liverpool,Huddersfield,5,0,3,0
27/04/2019,Brighton,Newcastle,1,1,0,1
27/04/2019,Crystal Palace,Everton,0,0,0,0
27/04/2019,Fulham,Cardiff,1,0,0,0
27/04/2019,Southampton,Bournemouth,3,3,1,2
27/04/2019,Tottenham,West Ham,0,1,0,0
27/04/2019,Watford,Wolves,1,2,0,1
28/04/2019,Burnley,Man City,0,1,0,0
28/04/2019,Leicester,Arsenal,3,0,0,0
28/04/2019,Man United,Chelsea,1,1,1,1
03/05/2019,Everton,Burnley,2,0,2,0
04/05/2019,Bournemouth,Tottenham,1,0,0,0
04/05/2019,Cardiff,Crystal Palace,2,3,1,2
04/05/2019,Newcastle,Liverpool,2,3,1,2
04/05/2019,West Ham,Southampton,3,0,1,0
04/05/2019,Wolves,Fulham,1,0,0,0
05/05/2019,Arsenal,Brighton,1,1,1,0
05/05/2019,Chelsea,Watford,3,0,0,0
05/05/2019,Huddersfield,Man United,1,1,0,1
06/05/2019,Man City,Leicester,1,0,0,0
12/05/2019,Brighton,Man City,1,4,1,2
12/05/2019,Burnley,Arsenal,1,3,0,0
12/05/2019,Crystal Palace,Bournemouth,5,3,3,1
12/05/2019,Fulham,Newcastle,0,4,0,2
12/05/2019,Leicester,Chelsea,0,0,0,0
12/05/2019,Liverpool,Wolves,2,0,1,0
12/05/2019,Man United,Cardiff,0,2,0,1
12/05/2019,Southampton,Huddersfield,1,1,1,0
12/05/2019,Tottenham,Everton,2,2,1,0
12/05/2019,Watford,West Ham,1,4,0,2
